fullname,country,personal_number,age
Celeste Kirk,Pakistan,1698100541199,32
Emery Navarro,Nauru,1616061219599,69
Alyssa Long,Guam,1657090400699,34
Mercedes Love,Liechtenstein,1653061059599,41
Iris Skinner,Montenegro,1611061365699,20
Hu Byrd,Belarus,1602090202399,28
Francis Hopper,Comoros,1678032855899,31
Bianca Leon,Jordan,1665083041099,56
Lee Chaney,Guatemala,1639072353899,36
Bruno Phelps,China,1674061689999,47
Eaton Cabrera,Armenia,1608030454399,25
Jolene Joyner,Namibia,1607010667399,42
Diana Edwards,Guadeloupe,1610012550399,41
Alma Neal,Brazil,1621022640199,39
Vernon Pittman,Nauru,1684020556499,62
Sigourney Cotton,Russian Federation,1614082436699,68
Travis Chaney,Cyprus,1602011822599,50
Wang Rowe,Guyana,1686111372799,58
Daryl Kim,Northern Mariana Islands,1638031722299,25
Kristen Stephens,Saint Pierre and Miquelon,1664091239099,70
Catherine Guerrero,Dominican Republic,1682123067599,34
Scott Ellison,Antigua and Barbuda,1675060683699,64
Oscar Hancock,Turkey,1610041391199,30
Oren Valencia,Hungary,1664040511199,31
Brady Carpenter,Denmark,1641110853099,70
Theodore Livingston,Bulgaria,1627082405799,43
Amal Hodge,South Sudan,1659030794599,45
Brennan Knight,Montserrat,1666062116699,25
Eaton Knapp,New Zealand,1646062621399,42
Vladimir White,Guatemala,1604092948399,32
Keegan Oneill,Nauru,1613101091799,57
Zahir Golden,Myanmar,1635102424099,56
Emi Stein,Cuba,1631092483799,47
Boris Tanner,Lithuania,1602090402399,24
Chadwick Singleton,Angola,1612030243499,56
Nathaniel Rios,Uruguay,1634100624199,50
Trevor Lucas,Serbia,1604070995399,43
Cheryl Ingram,Italy,1649022301299,30
Zenia Noel,Australia,1668082213299,58
Aiko Sykes,Micronesia,1637031881799,53
Burke Booth,Burkina Faso,1694052051999,19
Winifred Mercado,Russian Federation,1660102098599,53
Merrill Macias,Samoa,1683102824599,24
Leroy Fuller,Afghanistan,1679083091099,29
Jenette Franks,Norfolk Island,1658010481299,29
Gwendolyn Estes,"Bonaire, Sint Eustatius and Saba",1601012735699,29
Maxwell Kim,Gabon,1627043079399,32
Brittany Trujillo,Marshall Islands,1608101721599,60
Castor Howell,Bosnia and Herzegovina,1651090603799,40
Francesca Mcgee,Paraguay,1611092552099,24
Kasper Parsons,Saint Kitts and Nevis,1629062637099,47
Lyle Bernard,Brunei,1626122150999,36
Mohammad Fulton,Marshall Islands,1644120530899,44
Griffith Dennis,Kuwait,1688032753799,47
Joseph Lindsay,Tuvalu,1663091652599,42
Barclay Gilmore,Samoa,1650120881499,50
Maisie Goff,Sweden,1640110488199,31
Hector Golden,Uzbekistan,1666050534699,51
Aline Holloway,Mayotte,1604080591399,29
Rina Beard,Senegal,1632021472899,51
Joshua Merrill,Costa Rica,1698113076099,35
TaShya Good,Barbados,1650071410899,67
Harlan Carey,Ghana,1601091137899,61
Aretha Franklin,Jamaica,1625122592799,62
Moses Foreman,Italy,1642081715199,56
Abra Juarez,Cyprus,1698120902399,64
Reuben Patton,Comoros,1691012956499,53
Vera Montoya,Serbia,1662081208399,36
Sonia Norman,Eritrea,1661023097299,64
Inez Horne,Seychelles,1664082978299,26
Abdul Finley,Costa Rica,1645052707699,63
Kelly Duran,Canada,1689032712899,38
Edward Vaughn,France,1647031877999,53
Amethyst Booker,Benin,1617092186999,19
Chaney Calhoun,Moldova,1683082742099,45
Rana Wilson,Andorra,1662081476399,53
Russell May,Burundi,1655101023899,25
Amber Hood,Panama,1621081213299,67
Mason Carey,Seychelles,1695092953499,38
Shaeleigh Boyd,Singapore,1607062171199,24
Lee Casey,"Korea, South",1654011088199,66
Heather Hewitt,Dominican Republic,1688071757199,21
Armando Church,Equatorial Guinea,1672023078099,55
Kyra Knowles,Brazil,1605050205799,22
Illana Mayer,Israel,1603081893899,22
Kendall Moreno,Norfolk Island,1600081345699,65
Natalie Leblanc,Cocos (Keeling) Islands,1656121471799,57
Alyssa Mcpherson,Åland Islands,1679041210199,64
Prescott Schmidt,Solomon Islands,1680060293399,45
Chancellor Rice,Gabon,1681070639199,61
Colleen Charles,Greenland,1689111898099,18
Jared Mcdowell,Viet Nam,1643012383399,28
Dara Robles,Croatia,1665090252999,50
Jarrod Griffin,Niue,1661070629499,22
Bianca Gillespie,Brunei,1652061277699,56
Jesse Haley,Burundi,1694040108999,67
Zeus Frank,Serbia,1665112549099,61
Giacomo Lloyd,Kiribati,1682022630099,37
Alfreda Barnett,Kyrgyzstan,1634052187699,35
Helen Sexton,American Samoa,1612061821199,22
Victoria Delgado,Tanzania,1658052891199,51
Hilel Harvey,Dominican Republic,1614061514299,53
Cade Sherman,Antarctica,1640100407599,35
Merrill Thornton,Western Sahara,1660010411199,49
Alan Reilly,Ghana,1659051181899,44
Rose Park,Kyrgyzstan,1694101931199,68
Roth Carney,Northern Mariana Islands,1619032501499,46
Meredith Garrett,Sudan,1621030260999,46
Craig Richardson,Sierra Leone,1694072576499,40
Yasir Fulton,Argentina,1672031060099,53
Nash Serrano,Cayman Islands,1657092823299,47
Jaquelyn Vargas,Saint Lucia,1607052288399,46
Erich Riley,Saint Barthélemy,1618102099599,34
Audrey Sosa,British Indian Ocean Territory,1632112416199,26
Ria Tucker,Antarctica,1616072625199,50
Steven Raymond,Rwanda,1625072164799,20
Meredith Wright,Turks and Caicos Islands,1617041284499,37
Mary Sims,Saint Martin,1622030325299,42
Maxine Munoz,Seychelles,1648022105899,43
Tyler Bird,Portugal,1617052305999,70
Rhea Booker,Botswana,1619122872799,60
Sebastian Rivas,Namibia,1649042014199,40
George Bryant,Argentina,1638090920299,36
Illana Randall,Namibia,1608030535399,57
Mira Russell,Hungary,1664090989099,19
Emily Faulkner,Rwanda,1618061351999,62
Cathleen Kemp,Antigua and Barbuda,1634100171699,57
Arsenio Cain,Honduras,1641062824699,28
Camden Spears,Ghana,1609070638399,67
Colette Mccormick,Sierra Leone,1606073057999,38
Honorato Holder,Wallis and Futuna,1618090527799,34
Griffin Pearson,Madagascar,1662051331299,52
Georgia Zimmerman,Comoros,1675072314099,52
Carson Cabrera,Japan,1622012943099,45
Shoshana Jacobs,Saudi Arabia,1687100170299,30
Gareth Bruce,Morocco,1620112272699,52
Yoshio Murphy,Honduras,1661011103499,63
Sebastian Acosta,Pitcairn Islands,1652111789599,21
Dustin Anderson,Pitcairn Islands,1612100786599,55
Stone Glover,Kazakhstan,1664111155199,51
Yuri Wolf,Mexico,1657060917099,44
Perry Douglas,Qatar,1655070797699,34
Bevis May,Saint Kitts and Nevis,1678112244299,20
Mercedes Hernandez,Niue,1699042052299,56
Tanek Haynes,Iraq,1689112704499,55
Linus Sykes,Morocco,1682040508999,65
George Patrick,Honduras,1606120650099,69
Nehru Weiss,Luxembourg,1640082935799,18
Conan Klein,Laos,1618120143899,39
Rahim Mcneil,Mayotte,1663111338099,20
Zephania Pacheco,Macao,1685040463399,48
Duncan Dyer,Comoros,1613110996799,70
Anjolie Roberts,Austria,1695062974099,52
Anne Tucker,Malaysia,1617091876299,54
Jesse Donovan,Fiji,1604010562499,60
Mercedes Charles,Faroe Islands,1623072306999,21
Keith Blevins,Bermuda,1653072869499,63
Lev Willis,"Congo, the Democratic Republic of the",1633042712599,22
Amir Tyson,Antigua and Barbuda,1687031711299,41
Cody Ellison,Norway,1685041818799,57
Geoffrey Atkins,Cape Verde,1661012951499,24
Russell Hewitt,Norway,1681121124399,18
Tara Osborn,Tokelau,1699120242799,24
Kirk Greene,Denmark,1683122656499,44
Renee Calhoun,Bouvet Island,1627120100599,60
Caryn Vega,Finland,1601122437599,20
Skyler Phelps,Turks and Caicos Islands,1690040899299,59
Justina Sullivan,French Polynesia,1674011730899,46
Mollie Beard,Madagascar,1642090900599,49
Carly Todd,Côte D'Ivoire (Ivory Coast),1661032368899,43
Brent Wiley,Denmark,1621121293599,47
Mohammad Rice,American Samoa,1607121628499,63
Abraham Aguirre,Slovakia,1695082585699,47
Adria Quinn,Spain,1622101894699,34
Abel Kirby,Mexico,1613081679799,55
Sharon Holmes,"Saint Helena, Ascension and Tristan da Cunha",1607072060799,22
Lane Medina,Sao Tome and Principe,1600062350399,21
Fletcher Tran,Ukraine,1632032231999,23
Sydney Forbes,Belarus,1647051408999,59
Quamar Bates,Tajikistan,1619052453499,44
Wilma Klein,Cook Islands,1607020136099,41
Tiger York,Belize,1607091590199,48
Flavia Cummings,Paraguay,1679050955199,22
Hector Barry,Jamaica,1600102391299,38
Reuben Conway,Italy,1668060682599,44
Hu Hatfield,Bouvet Island,1633091883099,53
Cade Walters,"Virgin Islands, British",1652010554899,70
Clare Talley,Libya,1681110371999,58
Jayme Glass,New Zealand,1660020543399,36
Clayton Gates,Kenya,1672010194099,22
Dai Miranda,Pitcairn Islands,1616112719099,65
Marny Cannon,Azerbaijan,1610120853899,53
Owen Parsons,Christmas Island,1696010655899,41
Robert Velasquez,Norfolk Island,1690071876299,19
Kim Joyce,"Virgin Islands, British",1667032062399,40
Sonia House,Austria,1630101383399,24
May Ortiz,Latvia,1683010434299,49
Tasha Tran,Fiji,1646080679599,55
Levi Trujillo,Seychelles,1686082433599,41
Keegan Briggs,Faroe Islands,1654090161099,33
Elmo Henry,Zambia,1642101570799,29
Yoko Hodge,Serbia,1680101960699,25
Jocelyn Thomas,Bahrain,1699102190899,22
Helen Hickman,Western Sahara,1606102146599,46
Jonas Tate,Belarus,1610122858599,43
Paula Manning,Curaçao,1668092646999,54
Nicholas Francis,Macedonia,1644070971799,53
Larissa Rivers,Mali,1635081247299,55
Eliana Rhodes,Kuwait,1649022085199,37
Francesca Knox,Togo,1697010939899,29
Zeus House,Madagascar,1621023013899,20
Zia Palmer,Saint Vincent and The Grenadines,1655032608499,70
Chandler Meadows,American Samoa,1600010335199,64
Lunea Franks,Montenegro,1683062969199,44
Dominique Fuller,Ghana,1633022230499,20
Gregory Ruiz,Yemen,1656052193399,65
Gwendolyn Rios,"Virgin Islands, United States",1638072659899,63
Troy King,San Marino,1640041056499,47
Alden Marsh,Azerbaijan,1686051180599,29
Reuben Larsen,Puerto Rico,1668120399599,59
Shelley Glass,Mongolia,1619101763499,56
Emi Pollard,Ukraine,1646071998199,56
Jakeem Jacobson,Canada,1632042047199,50
Quincy Joseph,Saint Vincent and The Grenadines,1616061862399,54
Hoyt Cherry,Kyrgyzstan,1656111323199,58
Jasmine Burks,Micronesia,1655101680799,37
Olga Melendez,Timor-Leste,1623012889899,52
Alan Boyd,Hong Kong,1671112666699,19
Vernon Weaver,Costa Rica,1608031910199,18
Christian Osborn,Wallis and Futuna,1611102617099,44
Fitzgerald Mills,Nicaragua,1680090489799,28
Evelyn Cruz,Guyana,1600071531499,52
Martha Kline,El Salvador,1627070710499,70
Caesar Harrell,"Palestine, State of",1694093001799,60
Orla Juarez,"Virgin Islands, United States",1606062379899,45
Reuben Leon,Switzerland,1625050838999,50
Fay Sutton,Saint Martin,1696012382699,59
Michelle Slater,Gambia,1692082619499,29
Zachery Thornton,Iraq,1685021262799,67
Reese Sanford,Niue,1675022959599,65
Olivia Rodgers,Ghana,1653071057099,64
Leo Church,Ukraine,1670071363899,46
Kalia Mcmahon,Heard Island and Mcdonald Islands,1605061874699,49
Adrienne Henderson,Norfolk Island,1688030503399,38
Catherine Lane,"Korea, South",1695050905699,67
Randall Boyer,Cape Verde,1674080927199,64
Ina Goodwin,Somalia,1679040652699,29
Quynn Santiago,Laos,1677092067499,37
Alan Peters,Viet Nam,1676121517699,36
Tyler Bryant,Guernsey,1651011672999,35
Liberty Richards,Norway,1603122903099,23
Ainsley Vincent,Congo (Brazzaville),1690010983199,21
Orlando Levy,Guatemala,1696020201699,27
Alec Mayo,Guam,1614013072899,29
Abra Ellison,Mali,1698122296199,63
Walker Mcfarland,Solomon Islands,1691062856399,29
Edward Hines,Mexico,1698092049199,65
Arsenio Austin,Cayman Islands,1610111859599,54
Gillian House,Mali,1685121441399,20
Amery Moon,Italy,1669051422999,51
Phillip Stephens,Iraq,1644110370899,56
Troy Mcfadden,Viet Nam,1633121286199,40
Amy Hill,Sint Maarten,1633080411599,52
August Morales,Venezuela,1640081269299,29
Scarlett Hester,Dominica,1623100872099,23
Cleo Chaney,Pitcairn Islands,1602070779599,59
Barrett Reid,Nauru,1639090658799,24
Nita Fleming,Cuba,1669080435599,51
Sage Terrell,Benin,1629041104599,44
Hayes Contreras,Mauritius,1697050898999,25
Ross French,Philippines,1643052649899,56
Thor Mathews,Uzbekistan,1625112518699,48
Pearl Woodward,Peru,1640092279999,24
Lucas Hunter,Niue,1657120810699,37
Cameran Russell,Uganda,1697121450799,50
Cullen Cooley,Czech Republic,1645011247099,39
Cheryl Haley,Panama,1602031735599,51
Vernon George,Rwanda,1661022361199,47
Amos Steele,Wallis and Futuna,1682030306299,64
Herman Blackburn,Martinique,1615051904399,54
Kelsey Barnett,Azerbaijan,1605122903199,66
Beck Marsh,Nigeria,1636082195799,40
Raja Gray,Holy See (Vatican City State),1621082550899,52
Herrod Bennett,China,1649052018799,34
Daryl Howe,San Marino,1636040508899,52
Allen Dickerson,Jordan,1637090637699,38
Elijah Watts,Isle of Man,1621051423099,31
Kane Daniels,"Bonaire, Sint Eustatius and Saba",1684022451399,56
Fuller Burton,Slovenia,1652122300199,69
Brian Stafford,Slovakia,1694082901199,28
Margaret Blair,Antarctica,1636051455699,69
Austin Vincent,Jamaica,1671070778799,67
Genevieve Dodson,Latvia,1609062066299,22
Hayden Vaughan,Malawi,1626121449599,30
Ruth Hodge,Tokelau,1609070171999,62
Yardley Dillard,Eritrea,1610081319199,27
Anthony Holland,Tuvalu,1698111727799,50
Ciaran Diaz,Malta,1643041226499,56
Aaron Stafford,Solomon Islands,1623052295999,51
Winifred Battle,Brazil,1679032216699,51
Logan George,Mali,1637070739799,26
Aretha Albert,Macedonia,1633082087099,43
Erin Cummings,Slovenia,1661072458099,20
Natalie Valenzuela,Åland Islands,1631062779399,40
Shannon Richmond,Namibia,1695020891899,37
Gail Luna,Nigeria,1617042193999,26
Avram Dillard,Tonga,1627082096999,59
Bert Tate,Panama,1642110239899,34
Kitra Campos,Mayotte,1656102402599,50
Jack Wooten,Vanuatu,1649082905199,22
Judah Rose,Maldives,1639122428699,33
Holmes Bradshaw,"Virgin Islands, United States",1638022336299,23
Sara Hood,Fiji,1644090376999,30
Vincent Gross,Syria,1652101469899,18
Rhiannon Mcfadden,Saint Martin,1673080788099,44
Liberty Conley,South Sudan,1615100598799,38
Zenia Weaver,French Southern Territories,1633090510799,41
Odette Santiago,Gibraltar,1682100736499,28
Kirsten Gilmore,Honduras,1693020437799,27
Mason Mendoza,"Korea, South",1636032026099,54
Veda Riggs,Viet Nam,1625091354799,27
Aimee Mccall,Bouvet Island,1604120947099,62
Carly Cardenas,Canada,1681091092099,46
Palmer Oneill,Micronesia,1637022496499,24
Yuri Case,Indonesia,1616012726999,55
Cullen Richardson,Turkey,1668071754499,66
Bryar Sykes,Greenland,1669062065999,20
Charity Mercer,Grenada,1632061077099,41
Stuart Bender,Turks and Caicos Islands,1652032760799,53
Abbot Gamble,Turkey,1632082487599,37
Sheila Justice,Maldives,1606082424399,41
Keane Graham,Portugal,1641102669899,63
Iliana Williamson,Papua New Guinea,1635070661999,26
Moses Ray,"Congo, the Democratic Republic of the",1631040354799,29
Murphy Hunt,Malawi,1646090215599,57
Ulla Shelton,South Georgia and The South Sandwich Islands,1610040381199,35
Cheyenne Graves,Serbia,1675070812499,40
Lana Reeves,Iraq,1627051277499,53
Finn Mann,"Virgin Islands, British",1640041005399,40
Armando Hernandez,Western Sahara,1697050883199,67
Elizabeth Jefferson,Niger,1612033038199,57
Alyssa Norris,Cook Islands,1605111156199,56
Damian Bright,Bolivia,1698082191199,23
Emerson Gilbert,Belarus,1692111813299,52
Aurelia Michael,Mongolia,1629080562299,51
Laith Sheppard,Syria,1637010658599,65
Virginia Carver,Uzbekistan,1674051817499,62
Yvette Cooke,Bouvet Island,1634012819999,25
Clinton Richard,Kuwait,1663010786999,57
Gwendolyn Mcdaniel,Tajikistan,1645100870299,43
Ronan Austin,Switzerland,1675012719699,54
Audra Giles,Pitcairn Islands,1631020604799,60
Rudyard Tran,Togo,1694120395199,27
Marvin Sanchez,Romania,1607102139199,25
Kirestin Joseph,Belarus,1632030255699,43
Edan Pitts,San Marino,1631090334899,68
Roth Silva,American Samoa,1657060289999,62
Darryl Boyle,"Palestine, State of",1648012392399,32
Naomi Fischer,Uzbekistan,1673021248199,60
Dolan Stevens,Micronesia,1615010703199,24
Basia Swanson,Mali,1664101531999,24
Cadman Clarke,Nigeria,1676102943599,62
Cooper Clay,Ukraine,1651011104199,48
Naomi Keith,Tokelau,1608071029099,64
Hiram Crosby,Denmark,1609062625899,22
Keegan Calhoun,Zimbabwe,1600070102799,31
Jada Bullock,Grenada,1682120173199,62
Jakeem Bernard,Cook Islands,1696121270199,27
Hedley Chavez,"Korea, North",1699093093499,38
Jerry Howard,French Southern Territories,1652120589199,38
Tanya Nixon,Saudi Arabia,1622052204199,60
Xander Johnston,Grenada,1685110919699,44
Maile Morrison,Saint Kitts and Nevis,1697040333799,19
Sandra Graves,Micronesia,1648052946999,39
Inga Haley,Cameroon,1697040295799,32
Hector Roberts,Saint Pierre and Miquelon,1650112811099,54
Stephanie Wolf,Jordan,1615011122099,32
Alfreda Russo,Jersey,1686082071099,25
Gisela Huber,China,1604011587899,43
Oliver Randall,Cook Islands,1614011243699,44
Damon Martin,Nicaragua,1638010933599,26
Roanna Romero,Fiji,1630011436799,67
Camille Hardy,Bosnia and Herzegovina,1640011451899,66
Lacy Townsend,Faroe Islands,1602041987199,23
Brianna Tillman,Andorra,1621030981599,63
Nasim Valentine,Vanuatu,1606012575899,69
Forrest Cardenas,Hungary,1637110882599,46
Fulton Wise,Mauritius,1634032386999,51
Aphrodite Bartlett,"Congo, the Democratic Republic of the",1618120316699,26
Blaine Huff,Uzbekistan,1651020914299,26
Mari Gill,Kenya,1692012926199,21
Oscar Wilkins,Laos,1662090734399,23
Candace Mclaughlin,India,1622090760299,39
Colin Tucker,American Samoa,1663062129899,51
May Goodman,Cameroon,1667032662799,55
Rae Ryan,Somalia,1629070830799,45
Leslie Leonard,Australia,1622060751599,37
Hayfa Juarez,Qatar,1655022378499,24
Ferdinand Hudson,Falkland Islands,1623092691399,19
Jeremy Harvey,Maldives,1631031088599,20
Emily Potts,Cook Islands,1601120720799,44
Justin Cummings,Bahrain,1611120141899,38
Asher West,Guyana,1661081151599,41
Dara William,Jordan,1664072747899,32
Carissa Smith,Eritrea,1611052084399,26
Sage Battle,Gibraltar,1600122738599,38
Cooper Fitzgerald,Maldives,1690101237799,25
Rae Castillo,Heard Island and Mcdonald Islands,1645102340399,51
Amber Fuentes,Kenya,1695080578999,59
August Stafford,Haiti,1654100987799,64
Allistair Ratliff,"Palestine, State of",1699021301199,50
Dai Cooley,Monaco,1665062851799,32
Carly Page,San Marino,1677061384299,35
Kamal Dean,Guadeloupe,1624072978399,60
Elmo Colon,"Saint Helena, Ascension and Tristan da Cunha",1637082250799,19
Madaline Downs,Algeria,1620071056699,60
Quinlan Britt,Cook Islands,1605090142299,18
Celeste Cotton,Costa Rica,1615100511399,57
Casey Grant,Malaysia,1656052207499,46
Orlando Langley,United States Minor Outlying Islands,1657070106999,38
Ella Stanley,Bermuda,1695102575699,67
Ori Tyler,Montserrat,1687121257399,54
Alisa Moses,Sri Lanka,1620071395399,18
Alec Barrett,Mauritius,1628102907699,59
Tobias Barnes,Estonia,1667111535599,48
Chandler Mccoy,Albania,1628091714699,58
Madeline Mcintyre,Sao Tome and Principe,1694111384199,51
Cameran Harvey,Antigua and Barbuda,1615061189999,28
Omar Daugherty,Martinique,1615070732599,32
Moses Bentley,Wallis and Futuna,1630031949399,26
Lara Calderon,Burundi,1631110497399,25
David Branch,Equatorial Guinea,1602051885599,65
Liberty Robinson,Chad,1648051433299,37
John Mack,Eritrea,1627103000999,46
Illana Beasley,Bouvet Island,1630012343299,52
Rogan Fry,Denmark,1694072984999,27
Lamar Case,Croatia,1698082570199,43
Britanni Taylor,Taiwan,1686012439299,33
Candice Kerr,Malawi,1664071238799,59
William Gibbs,Aruba,1684012488699,29
Matthew Burks,New Caledonia,1683101904799,39
Ivor Schultz,Antarctica,1642052482599,50
Ella Reynolds,Christmas Island,1614051001399,69
Vielka Merrill,Puerto Rico,1645111248799,26
Lucy Walls,Greenland,1607032436099,58
Jaden Brewer,Mexico,1692110336699,45
Lewis Mack,Hong Kong,1615071144199,54
Marny Contreras,Switzerland,1690090122199,24
Bruno Miller,Mongolia,1604010947599,53
Neville Fletcher,Bangladesh,1603022829899,30
Vaughan Aguirre,Saint Martin,1644052194099,43
Skyler Harmon,Tokelau,1691050118499,70
Kieran Lott,Mauritius,1649090344999,64
Quemby Andrews,Fiji,1677050910599,37
Minerva Walters,New Zealand,1661090589399,30
Samson Sanchez,Ecuador,1636111074599,47
Jesse Herrera,Taiwan,1661071123499,59
Keane Mckee,Côte D'Ivoire (Ivory Coast),1664102718499,28
Ishmael Lopez,Tokelau,1632032362599,64
Elton Mendez,Malta,1628112098599,45
Zoe Bryant,"Palestine, State of",1608061282999,57
Clare Craft,Switzerland,1651012904999,25
Libby Norman,Ethiopia,1656011419799,68
Ora Olson,Western Sahara,1600042111999,56
John Jennings,Romania,1636022680699,63
Zelda Holcomb,Saint Pierre and Miquelon,1657051849699,33
Cassady Wilkinson,Svalbard and Jan Mayen Islands,1607101677399,59
Rylee Torres,Honduras,1666022264099,60
Gretchen Lewis,Nigeria,1675111323499,66
Louis Simpson,Anguilla,1625091594299,42
Colorado Giles,Mexico,1669030862899,23
Irma Mccarthy,Hong Kong,1618010178499,32
Keely Mcneil,Myanmar,1667042298899,44
Joan Richard,Cambodia,1643071904799,23
Myles Dyer,Bouvet Island,1622042647599,27
Cody Phelps,San Marino,1640072179599,49
Dale Norman,Ghana,1693022927199,69
Seth Whitehead,Costa Rica,1649010798599,32
Kitra Ramirez,Mali,1662062111499,18
Indira Harrington,Afghanistan,1629092130399,33
Germaine Morris,Oman,1669092339399,36
Evangeline Ayers,Azerbaijan,1640051658799,54
Kevyn Fry,Sao Tome and Principe,1685081276199,39
Dara Powell,Burundi,1692031678999,58
Aladdin Vega,Falkland Islands,1647060292899,40
Tatiana Watkins,Nepal,1677010137499,48
Regan Navarro,Puerto Rico,1610011509899,39
Malcolm Barr,Åland Islands,1615010400399,54
Mallory Mcpherson,Norfolk Island,1660081605999,23
Herrod Bowman,Bhutan,1643122559999,39
Emmanuel Bowen,Bermuda,1616060924599,49
William Austin,Zambia,1694112209099,54
Amaya Wood,Czech Republic,1674010600999,68
Wallace Vaughan,Benin,1625011681899,20
Tobias Gonzalez,Gabon,1610012023799,30
Cynthia Haney,Bosnia and Herzegovina,1640011255899,43
Channing Nichols,Moldova,1675100222499,19
Aretha Peters,Maldives,1609092257499,46
Roanna Russo,Germany,1628101788299,54
Abel Kidd,Saint Martin,1638022107299,48
Barrett Brooks,Niger,1641041618899,67
Camden Stewart,Saint Barthélemy,1667041208399,27
Kylynn Mckenzie,Nauru,1665020172199,19
Allen Lamb,Pitcairn Islands,1670111009299,46
Bruno Henry,Romania,1673111545499,50
Zia Colon,Macedonia,1682042626399,64
Colin Velez,Estonia,1660110662999,40
Ashely Stanley,Belarus,1656010249299,25
Reuben Vargas,Switzerland,1661102127399,51
Brennan Becker,Rwanda,1651031796699,38
Chancellor Hansen,British Indian Ocean Territory,1676121356899,38
Cruz Winters,Comoros,1603071404199,29
Amethyst Vincent,Singapore,1614111397599,49
Wang Hensley,Japan,1630112457999,21
Gisela Osborn,Armenia,1664111457099,61
Ashton Moss,Uruguay,1601071878599,46
Kimberley Cain,Saint Vincent and The Grenadines,1662061279199,37
Hamilton Chapman,Montenegro,1620062768599,18
Maris Harrison,"Virgin Islands, United States",1615072790199,22
Anjolie Bryant,Samoa,1626121876099,46
Dexter Park,Malta,1650061281699,70
September Allen,Brunei,1629040964699,68
Davis Adams,Sint Maarten,1638011724899,59
Randall Burks,Mauritius,1657020499899,27
Felicia Powell,Luxembourg,1611050628899,46
David Jones,Angola,1605122630099,18
Harlan Woodard,Australia,1628052695299,20
Rachel Oliver,Holy See (Vatican City State),1645062257299,38
Madonna Noel,Taiwan,1639021893799,21
Nathaniel Massey,Equatorial Guinea,1601112488399,44
Christen Conner,Åland Islands,1610030325299,27
Aidan Lambert,Liberia,1699072163199,38
Garrett Small,Botswana,1609022928699,36
Jerry Foster,Burundi,1605042561399,60
Maryam Mack,Vanuatu,1608050666599,28
Chantale Robbins,Togo,1613101318799,18
Katell Patterson,Philippines,1681091858199,35
Alfonso Cooper,Djibouti,1612071934599,41
Halla Sherman,Belarus,1664032881799,21
Irma Goodwin,Heard Island and Mcdonald Islands,1605040496699,44
Nero Henderson,Macedonia,1646071858199,43
Preston Sosa,Antigua and Barbuda,1614061695299,54
Cynthia Cannon,Grenada,1624011304899,54
Fallon Mendez,Azerbaijan,1690062757599,18
Serena Walls,Kuwait,1605052607199,23
Winter Foreman,Italy,1685091824999,70
Wynne Spears,Cook Islands,1618121814099,68
Meredith Solomon,Luxembourg,1666020644099,56
Carlos Serrano,Svalbard and Jan Mayen Islands,1679081659099,65
Byron Day,Luxembourg,1620071117799,22
Britanni Shepard,Suriname,1656070265199,42
Iris Mcleod,Thailand,1626033052499,63
Cain Kaufman,United States Minor Outlying Islands,1629100251299,54
Sloane Shaffer,Finland,1602031683899,28
Steven Oliver,Comoros,1689072135699,54
Vaughan Grimes,India,1635110362499,58
Adam Mills,Jamaica,1615010767699,38
Harlan Mckinney,Namibia,1687080504999,42
Mona Lowe,Georgia,1630112602199,59
Hiram Dean,Slovenia,1658022214199,53
Ingrid Camacho,Moldova,1645112356899,47
Abigail Raymond,Barbados,1649070146699,53
Adrian Williamson,French Southern Territories,1639060340199,68
Tasha Howe,Equatorial Guinea,1632032441999,44
Amena Andrews,"Saint Helena, Ascension and Tristan da Cunha",1676121666499,22
Theodore Beck,Colombia,1668122669399,49
Ava Morin,Niue,1651041965699,65
David Contreras,Brazil,1635101801499,20
Gregory Bell,Pitcairn Islands,1670051749699,52
Todd Walsh,Papua New Guinea,1696062527999,60
Avram Hardy,Saint Kitts and Nevis,1683072100899,60
Gwendolyn Church,Japan,1669080846499,45
Vaughan Hahn,Pakistan,1669081956699,43
Ila Maddox,Tanzania,1697060766199,23
Keegan Gregory,Falkland Islands,1608010851899,50
Zorita Powers,Greenland,1624062544599,22
Iona Allen,Honduras,1698092138499,70
Howard Howard,Bahrain,1696070363899,27
Emmanuel Travis,Brazil,1682101586999,26
Conan Peck,Somalia,1605061135799,57
Libby Paul,Madagascar,1692111041699,37
Ashton Sharp,Falkland Islands,1670100819099,57
Riley Salinas,Sint Maarten,1626032018399,57
Whitney Gordon,Austria,1649062467199,57
Illiana Spence,Georgia,1693051789399,35
Ulla Garrett,Lebanon,1666072412099,25
Nasim Lowery,Israel,1634072116699,56
Bevis Moon,Kiribati,1634031268899,48
Blythe Conner,Georgia,1661090343099,37
Gannon Mcconnell,"Saint Helena, Ascension and Tristan da Cunha",1637092142299,24
Geoffrey Barker,Liechtenstein,1628061861899,31
Yetta Skinner,Ghana,1678111864799,51
Mufutau Underwood,Romania,1683100741799,58
Rashad Weiss,Cape Verde,1673020579799,27
Linus Camacho,Uganda,1680061346399,61
Burton Duke,Mauritius,1601090754499,53
Marsden Rosario,Dominican Republic,1684031767299,34
Simone Nash,Seychelles,1616100671899,66
Adrian King,Japan,1650010898799,27
Nasim Rodriguez,Montenegro,1697072545899,46
Kai Cruz,Central African Republic,1613120941099,25
Levi Reynolds,South Sudan,1698110938999,57
Kelsie Turner,Morocco,1653071224299,60
Gage Walton,Australia,1640062970599,29
Caleb Rocha,Mongolia,1626072614999,37
Barbara Preston,Belarus,1638031977699,31
Acton Turner,Honduras,1627090369399,60
Leroy Park,Latvia,1666091663799,22
Axel Potter,Albania,1669022212199,27
Flynn Browning,Tokelau,1631020745899,57
Leslie Beck,Kuwait,1645042770299,19
Alvin Slater,Faroe Islands,1654101981599,63
Randall Head,Norway,1699051070499,31
Dominique Mckenzie,Ukraine,1668121014499,37
Hammett Maynard,Iceland,1677101701299,29
Kristen Collins,Pakistan,1603052504499,32
Kyle Cox,Nigeria,1692021769099,45
Ira Hancock,Uruguay,1658060710099,28
Erin Figueroa,China,1605042962799,43
William Mccoy,Faroe Islands,1679030525199,46
Dolan Ewing,Maldives,1622020737699,32
Odysseus Moody,Maldives,1676080373499,21
Declan Christensen,Martinique,1620031650099,58
Bryar Marks,Brazil,1675050921999,44
Evangeline Ray,Panama,1612122959899,56
Amity Crawford,Germany,1650010600799,26
Dacey Clements,Angola,1696082289899,35
Dustin Ross,Belgium,1664021553199,20
Knox Weaver,Papua New Guinea,1633023031099,52
Randall Pierce,Honduras,1646010316199,52
Wallace Kane,Japan,1687052903299,36
Ivana Leach,Rwanda,1611102121199,24
Trevor Blackwell,Åland Islands,1601020370799,67
Arsenio Allison,Poland,1625092227999,45
Jocelyn Blackwell,Saint Barthélemy,1635010791199,26
Katell Ellis,Portugal,1684101824599,65
Florence Harmon,Denmark,1610031064199,19
Debra Figueroa,Jordan,1678021751699,21
Clementine Nielsen,San Marino,1672110508199,49
Kennedy Mccarty,Cambodia,1692012286399,18
Gary Delgado,Mauritius,1616121966899,40
Portia Martinez,Namibia,1685021298399,39
Hunter Oneil,Lesotho,1625011003599,64
Lillian Carver,Moldova,1601101996099,25
Madaline Torres,Liechtenstein,1678010215599,35
Warren Solomon,Norway,1655041305399,54
Cody Santiago,French Polynesia,1690071586399,28
Risa Roman,Serbia,1655121859299,45
Caleb Blake,Mauritius,1602033068599,33
Kennan Maldonado,Bolivia,1612031557499,32
Cynthia Mayer,Kuwait,1670122348699,26
Chase Brewer,Ireland,1659120208099,60
Lev Dejesus,Eritrea,1685070242299,51
Ginger Benjamin,Georgia,1686100620399,41
Sybill Robles,Mongolia,1639110328699,65
Noelani Travis,Vanuatu,1634121239699,68
Valentine Powell,South Sudan,1600070858299,54
Wesley Kane,Rwanda,1653020486599,22
Dillon Boyd,Australia,1667101137599,46
Zenaida Snyder,Hong Kong,1633041824399,18
Aquila Munoz,Montenegro,1641110450999,58
Jelani Bean,Belgium,1621030404999,70
Leila Harrell,Montenegro,1650121182299,39
Sigourney Bruce,United States,1625102491799,36
Lara Vang,Curaçao,1677052167699,40
Angelica Charles,Denmark,1622072405799,44
Bert Marsh,American Samoa,1688052500699,69
Uma Benson,Burkina Faso,1629092022899,69
Xerxes Strong,Nauru,1661102914399,55
Leslie Waters,Cook Islands,1634072885499,19
Eaton Fulton,Sao Tome and Principe,1690071372499,32
Yardley George,Saudi Arabia,1621012647399,45
Kasper Woodward,Nauru,1623100565099,55
Alfonso Cameron,"Korea, South",1629032998699,32
Kylie Thornton,Montserrat,1641090252699,28
Nero Marshall,Belgium,1609011786399,46
Nathan Campbell,Saint Pierre and Miquelon,1683011534799,44
Bernard Heath,Indonesia,1654110998999,58
Germane Talley,"Bonaire, Sint Eustatius and Saba",1641082752299,51
Quyn Townsend,Djibouti,1686050610999,35
Hollee Calhoun,Serbia,1610030989199,31
Eaton Stevenson,Saint Kitts and Nevis,1680081018899,53
Ebony Tyler,Guyana,1653071351799,54
Petra Mcdaniel,Dominica,1636101719799,20
Astra Mcleod,Oman,1663090821199,50
Beck Combs,Ecuador,1653082487499,56
Uta Spears,Oman,1644011379199,29
Todd Chandler,Greece,1618122726899,29
Phelan Combs,Andorra,1649040585699,31
Laith Grant,Solomon Islands,1684121975999,39
Colt Snow,Ghana,1691040479499,28
Sasha Curry,Ireland,1693110682499,58
Gloria Thompson,Honduras,1648062791499,56
Berk Avery,Ghana,1637102939799,45
Hashim Kirk,Lesotho,1671101829399,32
Olga Doyle,Ecuador,1664032478999,21
Trevor Lawson,Holy See (Vatican City State),1675042055299,61
Kevin Kane,Guyana,1656121962399,52
Joy Hardy,Turkmenistan,1696100443599,44
Fatima Joyce,Panama,1657042445199,49
Celeste Shaw,Wallis and Futuna,1603090481899,22
Jacob Wyatt,Guam,1634101515999,33
Ali Delaney,Andorra,1677032908899,27
Aurelia Webster,Portugal,1613120828299,20
Guinevere Ware,Dominica,1613021261299,31
Maryam Frazier,Kiribati,1645071260099,22
Dennis Le,Côte D'Ivoire (Ivory Coast),1685100829499,26
Diana Wolf,"Korea, South",1678040918999,67
Lewis James,Ghana,1631050138999,20
Cade Hays,Singapore,1636060407299,48
Lydia Gregory,Western Sahara,1666062538099,50
Rachel Bryan,France,1696012354499,40
Jaquelyn Bowman,Burkina Faso,1678062318699,64
Emma Frye,Austria,1624042883299,35
Colton Saunders,Libya,1631010385099,69
Farrah Cooper,Japan,1681081600899,68
Oscar Best,Netherlands,1673021818199,18
Althea Acosta,Switzerland,1642062685199,62
Nehru Fuller,Peru,1648120300799,60
Jermaine Pruitt,"Korea, South",1672022972799,29
Ella Tyson,Laos,1605112607099,38
Jael Delgado,Lebanon,1690031659299,70
Blythe Kent,Timor-Leste,1679072523599,56
Noble Armstrong,Saint Vincent and The Grenadines,1626091227099,42
Cathleen Rose,Anguilla,1694042504699,31
Lucian Harrell,Puerto Rico,1645023007299,32
Aurelia Baldwin,Lesotho,1699012290599,27
Fiona Wilcox,American Samoa,1678022844399,65
Felicia Atkinson,Hong Kong,1678012018199,69
Whilemina Peck,Greece,1626022610899,25
Gage Hays,Saint Pierre and Miquelon,1645101666299,63
Guy Forbes,Armenia,1669011102299,36
Lesley Page,Turkey,1691091804499,32
Owen Kirby,Bulgaria,1687111042999,61
Quin Mcgee,Libya,1645100817099,19
Jenette Raymond,Chad,1613113076499,46
Malcolm Stuart,Curaçao,1646040998099,64
Claire Malone,Guinea,1600071202699,40
Quinlan Solomon,Christmas Island,1626080201499,18
Ciaran Rodriguez,Andorra,1648011932599,59
Stewart Flowers,Trinidad and Tobago,1666011131799,30
Colette Grimes,Christmas Island,1631042618399,60
Skyler Shepard,Kuwait,1630080399099,39
Cedric Valencia,Cocos (Keeling) Islands,1675112964199,19
Wing Wynn,Cameroon,1654021507499,62
Thane Lynch,Gabon,1612080278999,37
Tanya Pitts,Guadeloupe,1603100326099,58
Duncan Hendrix,Japan,1624052726499,42
Athena Harrell,Zambia,1684102561799,32
Asher Hyde,Lebanon,1662080706199,22
Griffith Rutledge,Mauritania,1654071779999,62
Avram Flynn,Iran,1643100883299,44
Silas Lamb,Yemen,1602022243699,33
Ciaran King,Cyprus,1648072572799,53
Deacon Woodard,China,1694061339699,39
Kendall Schultz,Guadeloupe,1695051591099,30
Robin Mcbride,Bahrain,1639112102799,31
Amaya Frye,Macao,1657040867699,19
Isaiah Ramos,American Samoa,1623032921299,59
Oleg Mayer,Gabon,1646082184199,39
Delilah Blake,Estonia,1686010682499,43
Neil Walls,Kyrgyzstan,1666020781799,49
Belle Bender,Aruba,1696121609299,20
Axel Bonner,Isle of Man,1657091435299,35
Kirsten Mcintyre,Sweden,1614092730799,27
Elaine Rowe,Kiribati,1671070827399,39
Murphy Giles,Lesotho,1622021989899,29
Ila Coleman,Lesotho,1629072022199,32
April Duran,Lithuania,1604081821399,66
Victoria Medina,Côte D'Ivoire (Ivory Coast),1614061543599,55
Nigel Beard,San Marino,1616081852299,46
Kameko Carr,Guam,1664012547099,60
Moana Carver,Eritrea,1628041555799,48
Ignacia Stein,Hong Kong,1663081809399,67
Dane Hunt,Poland,1622043059999,30
Hollee Kinney,Antigua and Barbuda,1632060267199,29
Samson Wolf,Chile,1613030304199,61
Marcia Mason,Mauritania,1618070567599,45
Chandler Garrison,Saint Vincent and The Grenadines,1650122586599,22
Ezra Moon,Bulgaria,1623112284999,54
Maxine Griffith,Finland,1636122050999,58
Jelani Guerra,Saudi Arabia,1672010792899,28
Bradley Craft,Kyrgyzstan,1685091500699,52
Dean Brewer,Marshall Islands,1678031586999,40
Michelle Conway,South Africa,1613011008199,42
Ramona Mcknight,Pitcairn Islands,1635122311399,21
Jasmine Waters,Iceland,1640102885699,20
Wynter Houston,Haiti,1636112561799,40
Samson Daniel,South Sudan,1699082548499,59
Gretchen Brennan,Kenya,1677051403099,56
Eugenia Romero,Cayman Islands,1674081423599,42
Curran Franco,Ghana,1638061124899,29
Shana Bell,Burundi,1669051534199,23
Hoyt Lawson,Turks and Caicos Islands,1646062904599,36
Lucian Lloyd,Afghanistan,1698042627699,59
Omar Moran,Bahamas,1680012369099,56
Fletcher Deleon,Turkey,1698010660799,39
Patrick Mcfarland,Uruguay,1685111539199,70
Salvador Mitchell,Russian Federation,1662052096399,47
Unity Gilmore,Romania,1629122739299,43
Abra Coffey,Guinea,1666090407399,24
Jerome Sellers,Uruguay,1610122135399,61
Kelly Guy,Cape Verde,1611031194099,68
Lillith Dyer,Wallis and Futuna,1662060520999,51
Rashad Chang,"Bonaire, Sint Eustatius and Saba",1642072788299,24
Sacha Holder,Turkmenistan,1628101996599,28
Lars Morse,Maldives,1646072935699,61
Wallace Osborn,Lesotho,1601112146899,68
Steven Coffey,Zimbabwe,1666052146799,54
Price Jenkins,Uzbekistan,1683031103299,18
Aquila Hart,Bermuda,1652071327999,47
Callie Logan,Aruba,1674022982399,57
Preston Vincent,Anguilla,1672020320899,32
Breanna Diaz,Saint Martin,1637090472199,59
Emerson Woodard,Niger,1662080162799,70
Victoria Clements,Philippines,1656091641699,56
Justin Gallagher,Singapore,1691051706499,56
Xerxes Rowe,Bangladesh,1647052876199,46
Joy Terry,South Africa,1642092859299,60
Raya Price,Guyana,1616111224499,59
Harrison Frost,Samoa,1669010964199,41
Meghan Holman,Finland,1600120572699,58
Nero Espinoza,Spain,1694072657499,26
Celeste Leblanc,Saint Pierre and Miquelon,1639102334399,51
Joelle Fitzgerald,Fiji,1689030750399,25
Craig Sampson,Seychelles,1626072947799,60
Ashton Chase,Thailand,1678062667999,38
Thane Bond,Argentina,1600022748699,28
Edward Leonard,Gibraltar,1615111799899,65
Indira Bentley,Curaçao,1697060704399,67
Raven Sloan,Serbia,1653012764399,39
Vernon Murray,Dominican Republic,1670090637999,67
Quincy Rush,Myanmar,1685121655699,34
Ferris Norris,Romania,1619081251499,41
Iris Nichols,Guam,1630052727099,28
Miriam Greer,Luxembourg,1638023065399,28
Melissa Cross,Solomon Islands,1640031361699,24
Meredith White,Slovenia,1689010921399,32
Azalia Rutledge,Liechtenstein,1609061471599,20
Gabriel Dennis,Albania,1638121158899,31
Jackson Austin,San Marino,1676121079399,19
Mara Roberson,Jersey,1686071002699,28
Herman Clayton,Eritrea,1662011331599,32
Ori Dickerson,Argentina,1667062519399,35
Nell Kelley,Greece,1693010318599,53
Britanney Benton,Mayotte,1616121060399,19
Phyllis Ellison,Monaco,1635032914099,45
Brianna Pacheco,Mozambique,1666030787299,38
Dacey Dominguez,Sri Lanka,1649070788099,60
Aidan Ellis,Mayotte,1684090320799,53
Ray Keller,United Arab Emirates,1629052660799,20
Bradley Maldonado,Guatemala,1680090546099,30
Kendall Wagner,Syria,1687121291299,20
Elliott Forbes,Spain,1646041066199,63
Harding Brennan,Guam,1657050151999,46
Alexander Mcneil,British Indian Ocean Territory,1649070244699,26
Eliana Hebert,Slovenia,1658042957099,40
Brooke Fulton,Jordan,1686110221499,38
Coby Hanson,Belize,1609090317199,62
Malcolm Strickland,Yemen,1635032597799,51
Karyn Sawyer,Mauritius,1617052902699,49
Whilemina Nichols,Macedonia,1612031418099,68
Alice Craft,Timor-Leste,1693121675799,33
Sharon Sandoval,Eritrea,1686051154699,69
Jaime Nguyen,Saudi Arabia,1661051180699,43
Remedios Blackburn,Antigua and Barbuda,1624090795599,44
Medge Hanson,Latvia,1669060117499,63
Christopher Leach,United Kingdom (Great Britain),1669101874599,30
Akeem Hester,Costa Rica,1628122048099,60
Lysandra Frederick,Isle of Man,1632070661899,52
Kibo Conner,United Arab Emirates,1603060525199,26
Tanya Barr,Libya,1623012665799,32
Joy Solis,Lesotho,1646070571799,42
Carlos Vasquez,Kuwait,1665061292999,60
Kai Bryant,Iran,1670041395499,60
Meredith Maldonado,Sierra Leone,1675062635799,63
Rhoda Barnett,Tajikistan,1661071561599,32
Ciaran Mills,Lebanon,1673112530399,32
Eaton Castro,Libya,1691101212599,41
Deborah Bullock,El Salvador,1631082862999,40
Ulla Vargas,Curaçao,1607110588499,30
Camilla Berry,"Korea, North",1604122184099,33
Cherokee Richards,Turks and Caicos Islands,1600020839499,54
Neil Finch,Tonga,1686071789499,59
Jana Evans,Bermuda,1634050486699,61
Christine Nguyen,American Samoa,1655110305299,22
Ignacia Hogan,Marshall Islands,1659110973799,47
Katell Vargas,Nigeria,1655060197099,66
Amaya Richards,Mongolia,1624082080899,24
Zeus Herrera,Åland Islands,1691110720699,60
Dylan Barry,Timor-Leste,1647061439599,59
Maggy Cain,Nicaragua,1623030401399,43
Keaton Barton,Cuba,1602102564499,49
Quon Sears,Turkey,1650021166799,40
Erin Vazquez,Romania,1625031686499,29
Aubrey Lucas,Madagascar,1693110677199,49
Quinn Craft,Armenia,1661110633299,26
Zelda Baldwin,Ecuador,1682012019399,70
Cameron Prince,Thailand,1699072937899,44
Selma Acevedo,Guyana,1677062644999,60
Xander Valencia,Armenia,1681051102099,61
Drake Hancock,Ecuador,1620061401199,68
Brendan Lindsey,Malaysia,1656081802599,23
Xena Bishop,Reunion,1678092682599,25
Jennifer Petersen,Paraguay,1661102689799,51
Colton Watts,Faroe Islands,1668041878299,31
Beck Weaver,Austria,1698042297599,45
Jasper Warren,Micronesia,1668121878299,53
Rooney Weber,"Saint Helena, Ascension and Tristan da Cunha",1662101729899,46
Kelsey Kane,Paraguay,1653031252499,52
Bevis Weiss,Lesotho,1613040417499,48
Celeste Fitzgerald,Western Sahara,1666082123199,70
Teagan Golden,Rwanda,1659022635699,55
Lucian Berg,Cyprus,1628101253699,52
Geoffrey Casey,Guyana,1660090377099,49
Larissa Benson,Isle of Man,1656081961799,21
Troy Beck,Mauritania,1668122580799,26
Rooney Hyde,Uzbekistan,1655121797499,68
Maris Mcgowan,Namibia,1647120496299,25
Alisa Bender,United States,1610110599799,40
Echo Gomez,Switzerland,1685030614699,52
Thomas Patrick,Paraguay,1648071642099,18
Keith Whitaker,Timor-Leste,1649102796799,30
Maxwell Stein,Saint Barthélemy,1648030459399,67
Jarrod York,Oman,1642023086199,53
Kiara Patton,Nicaragua,1637040847299,27
Elvis Guy,Falkland Islands,1602112924399,46
Ingrid Blake,"Virgin Islands, British",1677042644499,22
Chloe Burris,Grenada,1636071606699,35
Kevin Wyatt,Guyana,1697071078999,58
Lysandra Patton,Cocos (Keeling) Islands,1617020161699,48
Zeus Richardson,Guinea-Bissau,1618020724299,59
Ignatius Chapman,Madagascar,1638090867299,55
Madonna Love,Cook Islands,1613052786599,18
Fulton Morin,Mayotte,1679060267599,43
Justin Salas,Zimbabwe,1639040255499,42
Portia Rodgers,Turkmenistan,1612052068899,22
Winifred Austin,Cocos (Keeling) Islands,1636022799199,62
Micah Gill,Panama,1675062582699,20
Damian Whitaker,Estonia,1640012070899,49
Fredericka Hodges,Germany,1647010577899,56
Marvin Carson,Cuba,1697060158399,67
Hedwig Watkins,Japan,1679091740099,70
MacKensie Gallegos,Norfolk Island,1657092702699,42
Britanney Kerr,Jersey,1618120421999,39
Lane Jones,Guernsey,1643042515799,33
Mufutau Hendrix,Pakistan,1605122369299,61
Logan Waller,Liberia,1650090923699,25
Hayley Decker,Greenland,1610031245399,32
Imani Mays,Liberia,1698111441899,38
Fulton Kramer,Saint Martin,1689051323999,58
Ezra Mckay,Ireland,1664081504399,40
Cedric Villarreal,Falkland Islands,1636042920199,21
Fallon Goodwin,Turks and Caicos Islands,1687010676799,58
Stone Stephenson,Aruba,1621070426699,62
Kendall Morton,Cape Verde,1656050785599,28
Joy Mcknight,Oman,1699092061399,22
Lamar Battle,Sao Tome and Principe,1608082077099,30
Kelsie Pacheco,Mexico,1632091048699,52
Rafael Strickland,"Congo, the Democratic Republic of the",1620121340799,67
Germane Beasley,Saint Vincent and The Grenadines,1695030799499,42
Oleg Payne,Guam,1656060633499,70
Urielle Stevens,Micronesia,1659092594599,23
Ivan Guzman,Egypt,1629022220599,18
Marcia Dalton,Colombia,1626060992599,19
Beatrice Chan,New Caledonia,1698050810199,60
Leo Villarreal,Solomon Islands,1613041924799,31
Rebekah Kelley,India,1639010739299,65
Brock Hernandez,Swaziland,1600082109999,20
Patricia Tran,New Zealand,1601012992099,20
Rhonda Underwood,Trinidad and Tobago,1662102000499,28
Hall Mckenzie,Sudan,1681061754099,24
Pearl Acosta,Estonia,1606091974499,53
Constance Austin,Angola,1657030914899,56
Felix Elliott,Angola,1696102874599,49
Karen Hurley,Gabon,1682060523999,65
Jermaine Carr,Oman,1616031070099,26
Ulla Sosa,Heard Island and Mcdonald Islands,1662040743899,45
Teagan Valencia,Taiwan,1635071443699,33
Maryam Vazquez,Namibia,1662082682799,52
Dominic Shepard,Bhutan,1606050588899,69
Ina Erickson,Ethiopia,1693110818799,24
Chadwick Leonard,Guam,1610082249999,44
Phoebe Mack,Reunion,1666112681799,30
Quinn Chandler,Trinidad and Tobago,1602120355399,56
Colette Banks,Belarus,1698071053699,60
Emma Neal,Liberia,1678091747099,43
Charde Le,Turkey,1678081255699,20
Melissa Moon,Japan,1689091503099,38
Honorato Collier,Ghana,1693021354199,59
Alana Park,Saint Vincent and The Grenadines,1626102749199,64
Fritz Mcpherson,Northern Mariana Islands,1640041362999,27
Stephen Stephenson,Eritrea,1644071324699,31
Claudia Harding,Germany,1617061366499,48
Yeo Osborne,Seychelles,1666112621199,70
Shelby Craft,South Georgia and The South Sandwich Islands,1632012806299,62
Conan Bright,Tajikistan,1658012993499,44
Asher Boone,Kyrgyzstan,1683050294499,51
Lysandra Newman,Palau,1637102762399,40
Tara Owens,Bermuda,1644091317699,26